<?xml version="1.0" encoding="UTF-8"?>
<root>
  <item name="com.google.android.exoplayer2.drm.TheoDefaultDrmSession TheoDefaultDrmSession(java.util.UUID, com.google.android.exoplayer2.drm.ExoMediaDrm&lt;T&gt;, com.google.android.exoplayer2.drm.TheoDefaultDrmSession.ProvisioningManager&lt;T&gt;, byte[], java.lang.String, int, byte[], java.util.HashMap&lt;java.lang.String,java.lang.String&gt;, com.google.android.exoplayer2.drm.MediaDrmCallback, android.os.Looper, android.os.Handler, com.google.android.exoplayer2.drm.TheoDefaultDrmSessionManager.EventListener, int) 5">
    <annotation name="androidx.annotation.IntDef">
      <val name="value" val="{com.google.android.exoplayer2.drm.TheoDefaultDrmSessionManager.MODE_PLAYBACK, com.google.android.exoplayer2.drm.TheoDefaultDrmSessionManager.MODE_QUERY, com.google.android.exoplayer2.drm.TheoDefaultDrmSessionManager.MODE_DOWNLOAD, com.google.android.exoplayer2.drm.TheoDefaultDrmSessionManager.MODE_RELEASE}" />
    </annotation>
  </item>
  <item name="com.google.android.exoplayer2.drm.TheoDefaultDrmSession mode">
    <annotation name="androidx.annotation.IntDef">
      <val name="value" val="{com.google.android.exoplayer2.drm.TheoDefaultDrmSessionManager.MODE_PLAYBACK, com.google.android.exoplayer2.drm.TheoDefaultDrmSessionManager.MODE_QUERY, com.google.android.exoplayer2.drm.TheoDefaultDrmSessionManager.MODE_DOWNLOAD, com.google.android.exoplayer2.drm.TheoDefaultDrmSessionManager.MODE_RELEASE}" />
    </annotation>
  </item>
  <item name="com.google.android.exoplayer2.drm.TheoDefaultDrmSessionManager void setMode(int, byte[]) 0">
    <annotation name="androidx.annotation.IntDef">
      <val name="value" val="{com.google.android.exoplayer2.drm.TheoDefaultDrmSessionManager.MODE_PLAYBACK, com.google.android.exoplayer2.drm.TheoDefaultDrmSessionManager.MODE_QUERY, com.google.android.exoplayer2.drm.TheoDefaultDrmSessionManager.MODE_DOWNLOAD, com.google.android.exoplayer2.drm.TheoDefaultDrmSessionManager.MODE_RELEASE}" />
    </annotation>
  </item>
  <item name="com.google.android.exoplayer2.drm.TheoDefaultDrmSessionManager.Mode">
    <annotation name="androidx.annotation.IntDef">
      <val name="value" val="{com.google.android.exoplayer2.drm.TheoDefaultDrmSessionManager.MODE_PLAYBACK, com.google.android.exoplayer2.drm.TheoDefaultDrmSessionManager.MODE_QUERY, com.google.android.exoplayer2.drm.TheoDefaultDrmSessionManager.MODE_DOWNLOAD, com.google.android.exoplayer2.drm.TheoDefaultDrmSessionManager.MODE_RELEASE}" />
    </annotation>
  </item>
</root>

